work_order_id,plane_id,plane_registration,plane_type,priority,job_sequence,job_id,source,departure,destination,distance_nm,flight_hours,pay,xp,pay_per_hour,xp_per_hour,balance_score,time_remaining_hours,penalty_amount,adjusted_pay_per_hour,adjusted_pay_total,speed_kts,min_airport_size,route,legs_count,accumulated_hours,is_late,job_type,payload_lbs
1,32da78d3-304e-49fa-983d-69c770293151,ANT-01,Antonov AN-225-210,pay,1,7c2866c1-532d-475f-a7e6-c2fb05410e1c,fbo:7c2bd7b7-6d50-4f32-9326-ac9024d5a21b,KDEN,KDEN,1382.1267345393771,4.182993846932881,123615315.5,69.0,28199178.914412364,15.740309663283213,14.178291005522599,18.13174099361111,0.0,29551876.006377377,123615315.5,330.4156747810665,4,KDEN -> KHDN -> KSDL -> KELP -> KDEN,4,4.182993846932881,False,single,2360278.0
1,32da78d3-304e-49fa-983d-69c770293151,ANT-01,Antonov AN-225-210,pay,2,f654f3c5-d2c1-4908-8d2f-23cf70a4484f,fbo:7c2bd7b7-6d50-4f32-9326-ac9024d5a21b,KDEN,KDEN,794.7393160946687,2.4081406081275665,70639490.5,39.0,28000365.96600814,15.458977194552636,14.077477868976835,20.682983259444445,0.0,29333623.735087987,70639490.5,330.02197355602624,4,KDEN -> KIDA -> KDEN,2,6.591134455060447,False,single,1274293.4370802806
1,32da78d3-304e-49fa-983d-69c770293151,ANT-01,Antonov AN-225-210,pay,3,77c06d94-886b-4dea-8ce1-6b5285fb87ea,fbo:7c2bd7b7-6d50-4f32-9326-ac9024d5a21b,KDEN,KDEN,420.20770588792277,1.349997980379844,36838018.5,20.0,25972468.727132984,14.10090432911476,13.056738885212066,57.84677710416667,0.0,27287461.933561575,36838018.5,311.26543298212226,4,KDEN -> KSKX -> KDEN,2,7.9411324354402915,False,single,1149537.9325456657
1,32da78d3-304e-49fa-983d-69c770293151,ANT-01,Antonov AN-225-210,pay,4,40ea4ad4-3823-45cd-8b15-b4317afd38b0,fbo:7c2bd7b7-6d50-4f32-9326-ac9024d5a21b,KDEN,KDEN,1132.466616547611,3.3285895298516395,93406361.5,56.0,26409935.80537831,15.833572589177294,13.284135765635043,125.09775935666666,0.0,28061844.412568126,93406361.5,340.2241719477159,5,KDEN -> KLAS -> KCOS -> KDEN,3,11.26972196529193,False,single,1699687.0
1,32da78d3-304e-49fa-983d-69c770293151,ANT-01,Antonov AN-225-210,pay,5,495cddbf-7721-49f1-879e-254a76c4cc44,fbo:1808831c-344b-4239-bd19-56cfb551cfb5,KORD,KORD,1399.643112641847,3.893102638794487,94312916.0,69.0,23214890.114719287,16.9841786878441,11.692365950798862,2.9641634333333333,23968568.881452028,18068968.030169982,70344347.11854798,359.51867764659073,4,KORD -> KBFF -> KORD,2,15.162824604086417,True,single,1228312.485764273
1,32da78d3-304e-49fa-983d-69c770293151,ANT-01,Antonov AN-225-210,pay,6,528aa337-793d-4d24-95e1-813026c7a28e,fbo:1808831c-344b-4239-bd19-56cfb551cfb5,KORD,KORD,1014.2625498247324,3.1135059207641396,86960819.0,50.0,26525874.371489275,15.251624051223157,13.339195306000754,129.7633328,0.0,27930192.269766886,86960819.0,325.7622036497701,4,KORD -> KCMH -> KROC -> KORD,3,18.276330524850557,False,single,1727437.0
1,32da78d3-304e-49fa-983d-69c770293151,ANT-01,Antonov AN-225-210,pay,7,8dca0784-9176-4dd3-9e24-b5c7af7fee34,fbo:7c2bd7b7-6d50-4f32-9326-ac9024d5a21b,KDEN,KORD,1354.780194926548,3.98482769202325,39735784.5,38.0,9971769.815679187,6.80726188121321,5.019921217245659,9.897178811111111,0.0,18892622.753448892,39735784.5,339.9846366352353,5,KDEN -> KORD,1,22.261158216873806,True,multi_1/2,558907.0
1,32da78d3-304e-49fa-983d-69c770293151,ANT-01,Antonov AN-225-210,pay,7,3704c7f5-f788-4be9-a9b5-84b1d23d0220,fbo:1808831c-344b-4239-bd19-56cfb551cfb5,KDEN,KORD,1354.780194926548,3.98482769202325,58410664.0,29.0,14658265.931278614,10.00651406551575,7.379165535966886,38.815784398055555,0.0,31043341.97539354,58410664.0,339.9846366352353,5,KDEN -> KORD,3,22.261158216873806,False,multi_2/2,1755729.0
1,32da78d3-304e-49fa-983d-69c770293151,ANT-01,Antonov AN-225-210,pay,8,2926a7fe-4f2c-4bf6-8eba-cf57397c07b3,fbo:1808831c-344b-4239-bd19-56cfb551cfb5,KORD,KMEM,526.7871479946621,1.6693470283876546,6699532.0,12.0,4013264.998872505,2.6252806103418895,2.0197589024879616,5.918622855277778,0.0,8401354.174436774,6699532.0,315.56479212321807,5,KORD -> KMEM,1,23.93050524526146,True,multi_1/2,162489.0
1,32da78d3-304e-49fa-983d-69c770293151,ANT-01,Antonov AN-225-210,pay,8,9df48925-00f0-45f7-8e66-b5015b8ca455,fbo:7ee0c519-5a90-4a8e-9ec0-3ed17b68b652,KORD,KMEM,526.7871479946621,1.6693470283876546,31517954.0,13.0,18880408.60529865,12.350634867308285,9.501957476985865,21.07288115,0.0,36148080.24743493,31517954.0,315.56479212321807,5,KORD -> KMEM,1,23.93050524526146,True,multi_2/2,658693.0
2,c2b63c65-9244-4334-ac27-668ca0ea7d42,ANT-03,Antonov AN-225-210,pay,1,d4baee1e-799c-4c44-99b2-01303b4b7bf9,fbo:2af499c4-4ba9-489e-8547-8652feee13ea,PANC,PANC,870.6453186567579,2.6087449853019695,76114737.5,43.0,27865413.741204973,15.7421917256407,14.011417829230691,123.87431768611111,0.0,29176764.278931428,76114737.5,333.74106076373664,4,PANC -> CYXY -> PANC,2,2.6087449853019695,False,single,1274039.0
2,c2b63c65-9244-4334-ac27-668ca0ea7d42,ANT-03,Antonov AN-225-210,pay,2,transit_c2b63c65-9244-4334-ac27-668ca0ea7d42_KDAL,transit,KDFW,KDAL,9.918157012728175,0.03444513960970103,0.0,0.0,0.0,0.0,0.0,999.0,0.0,0.0,0.0,287.94068263653816,,KDFW -> KDAL,0,2.6431901249116705,False,single,0.0
2,c2b63c65-9244-4334-ac27-668ca0ea7d42,ANT-03,Antonov AN-225-210,pay,3,3c9b1f2d-9eae-4a9c-9c41-32bef144ec25,fbo:883bbd19-9d64-465d-9711-bbd4c26ddc66,KDAL,KDAL,733.6131112397658,2.24935832488174,50593261.5,36.0,21457841.05580002,15.268481515246863,10.805262935476245,67.00050351694445,0.0,22492308.557668302,50593261.5,326.14328412007694,4,KDAL -> KMEM -> KDAL,2,4.892548449793411,False,single,1000019.1098907416
2,c2b63c65-9244-4334-ac27-668ca0ea7d42,ANT-03,Antonov AN-225-210,pay,4,e868374c-e730-4a2a-bc30-446e8b72cb64,fbo:2af499c4-4ba9-489e-8547-8652feee13ea,PANC,KOAK,2871.8035310166024,7.171384078200888,86082145.0,87.0,12003560.827493116,9.49735175985381,6.049267172545827,14.529124358611112,0.0,22758902.443559956,86082145.0,400.4531760816055,5,PANC -> KOAK,1,12.0639325279943,False,multi_1/2,636513.0
2,c2b63c65-9244-4334-ac27-668ca0ea7d42,ANT-03,Antonov AN-225-210,pay,4,1f5b46f2-226e-4a8c-987e-dad462391153,fbo:e26561c9-aee7-4f4a-8e4f-0c07c00fd3c5,PANC,KOAK,2871.8035310166024,7.171384078200888,94653416.0,56.0,13198765.394217465,10.443010998666153,6.651597752102063,126.22805521861112,0.0,27929323.373020012,94653416.0,400.4531760816055,4,PANC -> KOAK,3,12.0639325279943,False,multi_2/2,1879842.0
2,c2b63c65-9244-4334-ac27-668ca0ea7d42,ANT-03,Antonov AN-225-210,pay,5,ca7141de-7418-4eeb-a053-c606c32705d7,fbo:e26561c9-aee7-4f4a-8e4f-0c07c00fd3c5,KOAK,KDFW,5303.690418161246,12.148427863099556,57374484.5,63.0,4722790.894966178,4.079072708894181,2.3817908110275594,31.53379524388889,0.0,18826776.99837954,57374484.5,436.5742199672625,5,KOAK -> KDFW,1,24.212360391093856,False,multi_1/2,579609.0
2,c2b63c65-9244-4334-ac27-668ca0ea7d42,ANT-03,Antonov AN-225-210,pay,5,23b531a0-25ca-49c5-9c62-b0dcaeac3abc,fbo:61851d5c-70bb-4540-8536-b57f36e52b17,KOAK,KDFW,5303.690418161246,12.148427863099556,248287337.5,201.0,20437816.34117156,17.652134240269273,10.307168841787126,18.255745077777775,0.0,27281522.24256322,248287337.5,436.5742199672625,4,KOAK -> KDFW,3,24.212360391093856,True,multi_2/2,1829599.0
3,54dd48e0-80a7-456c-8804-b6e9698e29e5,ANT-05,Antonov AN-225-210,pay,1,7e8dfbc2-a74f-4db8-9ea9-236776c1ca10,fbo:e26561c9-aee7-4f4a-8e4f-0c07c00fd3c5,KOAK,KOAK,3480.888108791209,8.185180755201657,193169952.0,173.0,22639209.73010011,20.275323582972774,11.420981482964919,62.69228784972222,0.0,23599961.659642164,193169952.0,425.2671031826775,4,KOAK -> MMAA -> KHII -> KOAK,3,8.185180755201657,False,single,1850875.0
3,54dd48e0-80a7-456c-8804-b6e9698e29e5,ANT-05,Antonov AN-225-210,pay,2,transit_54dd48e0-80a7-456c-8804-b6e9698e29e5_KNTD,transit,KOAK,KNTD,263.61255204958303,0.8427287618776776,0.0,0.0,0.0,0.0,0.0,999.0,0.0,0.0,0.0,312.80830081345493,,KOAK -> KNTD,0,9.027909517079335,False,single,0.0
3,54dd48e0-80a7-456c-8804-b6e9698e29e5,ANT-05,Antonov AN-225-210,pay,3,5938feab-b3f9-4918-8680-17cb7454dcdb,fbo:e26561c9-aee7-4f4a-8e4f-0c07c00fd3c5,KNTD,KNTD,527.2251040991654,1.6643580263404867,52874290.0,26.0,29762821.43630422,14.635342760042919,14.954587431952323,56.85751403027778,0.0,31768579.33401357,52874290.0,316.77385259372556,5,KNTD -> KOAK -> KNTD,2,10.692267543419822,False,single,1231452.5231970747
3,54dd48e0-80a7-456c-8804-b6e9698e29e5,ANT-05,Antonov AN-225-210,pay,4,03ba0c85-4bf9-43e3-bf11-abec2459076a,fbo:934886a9-1d08-42f9-bff7-0f8700f577e9,KBGR,KOAK,6240.118022519715,13.181070662763211,97843778.2,120.0,7423052.398650031,7.6712744225195495,3.749882571437613,45.02772203833334,0.0,20628598.706032433,97843778.2,473.41511036339205,5,KBGR -> KOAK,1,23.873338206183035,False,multi_1/2,600228.0
3,54dd48e0-80a7-456c-8804-b6e9698e29e5,ANT-05,Antonov AN-225-210,pay,4,d6f518a4-25ca-48a7-b7d3-75b9831d1676,fbo:e26561c9-aee7-4f4a-8e4f-0c07c00fd3c5,KBGR,KOAK,6240.118022519715,13.181070662763211,203093089.5,191.0,15407935.72055888,15.923167027413744,7.783583695416509,7.106796850833334,0.0,24068987.035399273,203093089.5,473.41511036339205,5,KBGR -> KOAK,3,23.873338206183035,True,multi_2/2,1774705.0
4,f8f5c0a9-b6f6-4639-83fb-f8a7ac689225,ANT-06,Antonov AN-225-210,pay,1,5d6d18f6-4ee8-4e42-870b-1548247a5ff6,fbo:0aebb581-a62e-4539-a9f3-43ce99afafb0,KLAX,KLAX,3566.278060440413,7.658294780298754,176847396.5,178.0,22348436.23755286,22.49409224570863,11.286688580004974,27.246972298333333,0.0,23092268.131927546,176847396.5,465.67521396731746,4,KLAX -> KVLD -> KLAX,2,7.658294780298754,False,single,1220685.8351402571
4,f8f5c0a9-b6f6-4639-83fb-f8a7ac689225,ANT-06,Antonov AN-225-210,pay,2,a2c08c10-6e84-4066-874e-18790a505843,fbo:0aebb581-a62e-4539-a9f3-43ce99afafb0,KLAX,KLAX,2914.978489919891,7.947145612632509,192086371.5,145.0,23286667.6193191,17.578377780962295,11.731225698564362,42.93240653638889,0.0,24170485.96601352,192086371.5,366.7956562021893,4,KLAX -> KNSI -> KCYS -> KCNM -> KGYI -> KLAX,5,15.605440392931264,False,single,2924861.0
4,f8f5c0a9-b6f6-4639-83fb-f8a7ac689225,ANT-06,Antonov AN-225-210,pay,3,ebc31992-eba8-4d4b-b100-bf532977b5d7,fbo:0aebb581-a62e-4539-a9f3-43ce99afafb0,KLAX,KLAX,1040.0337114866584,3.075539138003795,84626464.0,51.0,26274643.797975995,15.834371074475895,13.216493754360377,111.06491309055556,0.0,27515976.94020162,84626464.0,338.1630552624673,4,KLAX -> KPVU -> KNTD -> KLAX,3,18.68097953093506,False,single,1754282.0
4,f8f5c0a9-b6f6-4639-83fb-f8a7ac689225,ANT-06,Antonov AN-225-210,pay,4,c2f8364c-19ce-41ce-b754-b00fd1e817c3,fbo:0aebb581-a62e-4539-a9f3-43ce99afafb0,KLAX,KLAX,1647.3398597276896,4.940633383278893,141868768.0,82.0,27442168.619573884,15.861544852529194,13.800392034049588,125.14956129194444,0.0,28714692.427926637,141868768.0,333.42685682830785,4,KLAX -> KSJC -> KTWF -> KMFR -> KLAX,4,23.62161291421395,False,single,2343789.0
5,8aed30c7-0b39-45ce-89d2-23c2564b851a,ANT-07,Antonov AN-225-210,pay,1,1ab12e34-7942-44f4-80f2-98af192ba6ca,fbo:883bbd19-9d64-465d-9711-bbd4c26ddc66,KMEM,KMEM,968.2127003277545,2.866637413063886,65946125.0,48.0,21983028.950637285,16.000718611299597,11.07151806837514,52.643099758055556,0.0,23004696.96637226,65946125.0,337.75206306713227,4,KMEM -> KBQK -> KMEM,2,2.866637413063886,False,single,1034668.9179028799
5,8aed30c7-0b39-45ce-89d2-23c2564b851a,ANT-07,Antonov AN-225-210,pay,2,fda28f5e-7c15-4a00-a320-dd43b6c7d001,fbo:883bbd19-9d64-465d-9711-bbd4c26ddc66,KMEM,KMEM,212.35441255065783,0.7063607221158578,19259299.0,10.0,25905117.287717216,13.450706221299756,13.019812174965105,95.59250985166666,0.0,27265529.349239603,19259299.0,300.6316827959572,4,KMEM -> KGLH -> KMEM,2,3.572998135179744,False,single,1010663.069787776
5,8aed30c7-0b39-45ce-89d2-23c2564b851a,ANT-07,Antonov AN-225-210,pay,3,2b44df29-f1fd-46af-9f57-a63d9953198b,fbo:934886a9-1d08-42f9-bff7-0f8700f577e9,KBGR,KDFW,5530.517609919519,12.179523821750404,72198817.7,74.0,5927885.0927707115,5.91287779609784,2.9935069353658452,111.72502000277778,0.0,21183302.163891993,72198817.7,454.083237642101,5,KBGR -> KDFW,1,15.75252195693015,False,multi_1/2,631282.0
5,8aed30c7-0b39-45ce-89d2-23c2564b851a,ANT-07,Antonov AN-225-210,pay,3,f985c091-2080-47eb-a564-57cc6226b0f8,fbo:61851d5c-70bb-4540-8536-b57f36e52b17,KBGR,KDFW,5530.517609919519,12.179523821750404,203499151.5,201.0,16708301.119013181,16.666001643252677,8.437480567722854,10.700416795,0.0,23200741.716813415,203499151.5,454.083237642101,4,KBGR -> KDFW,3,15.75252195693015,True,multi_2/2,1676950.0
5,8aed30c7-0b39-45ce-89d2-23c2564b851a,ANT-07,Antonov AN-225-210,pay,4,36f2a5ef-7a86-4258-8206-e157d7eb9d5e,fbo:883bbd19-9d64-465d-9711-bbd4c26ddc66,KDFW,KMEM,3032.5716436086923,8.360278616770504,50464012.0,46.0,6036163.9023334095,4.605534806538907,3.041109625199399,108.42290114388888,0.0,18382747.353480007,50464012.0,362.7357152338717,5,KDFW -> KMEM,2,24.112800573700653,False,multi_1/2,1233731.0
5,8aed30c7-0b39-45ce-89d2-23c2564b851a,ANT-07,Antonov AN-225-210,pay,4,9882fe40-faac-4364-a7ad-418cccb92e2c,fbo:883bbd19-9d64-465d-9711-bbd4c26ddc66,KDFW,KMEM,3032.5716436086923,8.360278616770504,147441505.5,105.0,17635955.960156176,13.45606420489809,8.885258301102578,28.492244763055556,0.0,26258059.489529748,147441505.5,362.7357152338717,4,KDFW -> KMEM,3,24.112800573700653,False,multi_2/2,1932746.0
6,ea5e5de3-ace8-47c2-bd7b-e27d0239f5b6,ANT-08,Antonov AN-225-210,pay,1,4aa66939-60c1-45c5-b955-994ce54ae51d,fbo:6e4dccb7-5063-4cc8-9ad6-754e0884b5a0,KJFK,KJFK,4269.347530476323,9.534410791298269,243420651.6,213.0,24772194.572589923,21.676375481206925,12.494479163700996,17.60745208,0.0,25530749.29623986,243420651.6,447.7830485731547,4,KJFK -> KHUF -> MRLB -> KJFK,3,9.534410791298269,False,single,1785305.0
6,ea5e5de3-ace8-47c2-bd7b-e27d0239f5b6,ANT-08,Antonov AN-225-210,pay,2,2134b9c0-720c-499a-b970-aadd052aa771,fbo:6e4dccb7-5063-4cc8-9ad6-754e0884b5a0,KJFK,KJFK,717.8952167170316,2.3045343334955435,80611810.4,35.0,33294919.387688607,14.455973297048061,16.719739560329543,24.706758225833333,0.0,34979652.60414546,80611810.4,311.5142205879485,4,KJFK -> KFOK -> KPBG -> KROC -> KJFK,4,11.838945124793813,False,single,2533903.0
6,ea5e5de3-ace8-47c2-bd7b-e27d0239f5b6,ANT-08,Antonov AN-225-210,pay,3,b73ee932-0a46-41f8-8d8e-f22fdbe41dd2,fbo:6e4dccb7-5063-4cc8-9ad6-754e0884b5a0,KJFK,KJFK,1531.9346087875308,4.660480726506541,122747872.4,76.0,24931641.540954437,15.436558858942286,12.543003564771931,53.97352082416667,0.0,26338028.11411063,122747872.4,328.7074228361538,4,KJFK -> KTOL -> KSAW -> KCLE -> KJFK,4,16.499425851300355,False,single,2290160.0
6,ea5e5de3-ace8-47c2-bd7b-e27d0239f5b6,ANT-08,Antonov AN-225-210,pay,4,97c9316c-4fdb-4234-8272-25c86d585aaf,fbo:6e4dccb7-5063-4cc8-9ad6-754e0884b5a0,KJFK,KJFK,346.1090550701736,1.1254970900844234,30915803.6,17.0,26128718.613915235,14.367674933623881,13.136197681625738,54.97227451027778,0.0,27468577.104611624,30915803.6,307.5166147646033,4,KJFK -> KMHT -> KJFK,2,17.624922941384778,False,single,1113100.4944852185
6,ea5e5de3-ace8-47c2-bd7b-e27d0239f5b6,ANT-08,Antonov AN-225-210,pay,5,d5ffe18f-ae60-4e98-a914-6129ac36736b,fbo:6e4dccb7-5063-4cc8-9ad6-754e0884b5a0,KJFK,KJFK,722.2282109134994,2.2774595762177103,59398699.5,36.0,24961693.733462393,15.128630457719805,12.556490019019796,115.69194725472222,0.0,26081121.31616683,59398699.5,317.1201010350926,4,KJFK -> CYXU -> KELM -> KJFK,3,19.90238251760249,False,single,1787964.0
6,ea5e5de3-ace8-47c2-bd7b-e27d0239f5b6,ANT-08,Antonov AN-225-210,pay,6,5963639b-45a4-434e-86cf-285f3d7a9764,fbo:6e4dccb7-5063-4cc8-9ad6-754e0884b5a0,KJFK,KORD,718.9598737529366,2.155484775530346,7308118.9,8.0,3390475.7681259313,2.3529075798574843,1.7070024219622533,56.009732209444444,0.0,12440119.284311466,7308118.9,333.54903820930036,5,KJFK -> KORD,1,22.057867293132837,False,multi_1/2,272285.0
6,ea5e5de3-ace8-47c2-bd7b-e27d0239f5b6,ANT-08,Antonov AN-225-210,pay,6,d0852cdf-46ab-4d25-8c22-5c29f568a1fa,fbo:00da4e6a-6c9e-4014-af64-9170f918527f,KJFK,KORD,718.9598737529366,2.155484775530346,41684955.5,26.0,19339016.435290586,13.420806243583684,9.736612248863212,121.02030885166667,0.0,26584436.267129358,41684955.5,333.54903820930036,5,KJFK -> KORD,1,22.057867293132837,False,multi_2/2,611031.0
6,ea5e5de3-ace8-47c2-bd7b-e27d0239f5b6,ANT-08,Antonov AN-225-210,pay,7,7ac9f1c9-bfef-4a21-b53b-47c8517e1c89,fbo:1808831c-344b-4239-bd19-56cfb551cfb5,KORD,KJFK,641.5400868954221,1.8384801659106706,24101661.5,31.0,13109557.528493386,14.897516352851374,6.62926634601095,90.92875473555556,0.0,13565334.09523346,24101661.5,348.9513233761988,5,KORD -> KJFK,1,23.896347459043508,False,multi_1/2,442008.0
6,ea5e5de3-ace8-47c2-bd7b-e27d0239f5b6,ANT-08,Antonov AN-225-210,pay,7,34c55a0a-a0ca-49e8-a412-ebe95a666d46,fbo:75f4d131-6831-47a1-8cbc-5656e3a4b1dc,KORD,KJFK,641.5400868954221,1.8384801659106706,3177804.0,0.0,1728495.122723236,1.964237488612829,0.8740687488046822,91.87058321583334,0.0,51445413.24147121,3177804.0,348.9513233761988,5,KORD -> KJFK,1,23.896347459043508,False,multi_2/2,511712.0
7,468761e0-a92a-4b34-b494-f35213d9c6cd,ANT-09,Antonov AN-225-210,pay,1,428f533d-bbfe-400c-ac3e-393609779bef,fbo:c374ebeb-1c46-40eb-a27a-00179bf1c707,KSEA,KSEA,223.08264740115743,0.7450800079053078,21856563.5,11.0,27623458.867728513,13.902370678950222,13.881241287259007,84.84149209388889,0.0,29334518.80080206,21856563.5,299.40764083621605,4,KSEA -> KPAE -> CYVR -> KSEA,3,0.7450800079053078,False,single,1706337.0
7,468761e0-a92a-4b34-b494-f35213d9c6cd,ANT-09,Antonov AN-225-210,pay,2,d11a613b-5dcf-49e9-a933-ef541073b92c,fbo:61851d5c-70bb-4540-8536-b57f36e52b17,KDFW,KJAX,1264.6964037402831,3.4326103090349385,51848304.0,48.0,15104628.644716999,11.75870623418302,7.611107853529414,22.650998974999997,0.0,20574780.736136883,51848304.0,368.4357645875177,5,KDFW -> KJAX,1,4.177690316940247,False,multi_1/2,588260.0
7,468761e0-a92a-4b34-b494-f35213d9c6cd,ANT-09,Antonov AN-225-210,pay,2,af8db404-bbc1-4977-9b9b-8a49ec90a5a6,fbo:2a48908d-14c7-4d83-aad6-7b366f3037c3,KDFW,KJAX,1264.6964037402831,3.4326103090349385,27793704.0,14.0,8096958.727544596,6.3033498741991165,4.079996113143294,72.36474241833334,0.0,30454939.39923296,27793704.0,368.4357645875177,4,KDFW -> KJAX,1,4.177690316940247,False,multi_2/2,623193.0
7,468761e0-a92a-4b34-b494-f35213d9c6cd,ANT-09,Antonov AN-225-210,pay,3,bdf4a42c-e8ae-4cd0-80d8-71a8bd7baee2,fbo:10f9a696-2a4a-4230-af78-d57ca89be883,KJAX,KSEA,7804.332909262072,16.168785616228078,90568981.0,105.0,5601470.830876679,5.752787395987659,2.829499352418278,122.40477682166667,0.0,21317849.80342787,90568981.0,482.6789775373804,4,KJAX -> KSEA,1,20.346475933168325,False,multi_1/2,650773.0
7,468761e0-a92a-4b34-b494-f35213d9c6cd,ANT-09,Antonov AN-225-210,pay,3,39726df2-d0cf-4f23-99d5-535e52ebdb72,fbo:c374ebeb-1c46-40eb-a27a-00179bf1c707,KJAX,KSEA,7804.332909262072,16.168785616228078,288199084.5,284.0,17824411.266282365,18.305914922977685,9.00373520775607,85.96034053416668,0.0,24177205.377445437,288199084.5,482.6789775373804,4,KJAX -> KSEA,3,20.346475933168325,False,multi_2/2,1749025.0
8,caadedad-cdc5-4562-8ee2-ab859c4edee5,ANT-10,Antonov AN-225-210,pay,1,dc7fcb4b-a2a8-4ab6-8748-241b271eec82,fbo:2af499c4-4ba9-489e-8547-8652feee13ea,PANC,PANC,6068.286797789973,12.782602881319871,306293468.0,303.0,23585705.44180079,23.33209648749558,11.909513203337873,99.31454215805556,0.0,23961744.79046114,306293468.0,474.7301354920439,4,PANC -> UEST -> UIAA -> PANC,3,12.782602881319871,False,single,1853995.0
8,caadedad-cdc5-4562-8ee2-ab859c4edee5,ANT-10,Antonov AN-225-210,pay,2,transit_caadedad-cdc5-4562-8ee2-ab859c4edee5_PAKN,transit,PANC,PAKN,249.86219952382183,0.8022276596788201,0.0,0.0,0.0,0.0,0.0,999.0,0.0,0.0,0.0,311.46046450686663,,PANC -> PAKN,0,13.584830540998691,False,single,0.0
8,caadedad-cdc5-4562-8ee2-ab859c4edee5,ANT-10,Antonov AN-225-210,pay,3,15f72146-63a6-4663-b3c9-75d7c6a9377e,fbo:2af499c4-4ba9-489e-8547-8652feee13ea,PAKN,PAKN,499.7243990476455,1.5875379635275944,42000716.0,24.0,25195794.740838155,14.39735155420007,12.669884128190079,5.564728106111112,8406828.662582554,21160997.78979145,33593887.337417446,314.77949537485773,4,PAKN -> PANC -> PAKN,2,15.172368504526286,True,single,1030658.4849556793
8,caadedad-cdc5-4562-8ee2-ab859c4edee5,ANT-10,Antonov AN-225-210,pay,4,ffa82f99-25af-4f27-88ba-7a360981f0fd,fbo:934886a9-1d08-42f9-bff7-0f8700f577e9,KBGR,PANC,3261.8911287111623,6.825362474110992,10370098.3,17.0,1519347.6301565524,1.7417020516027901,0.7683823253362903,48.21950367583333,0.0,9784303.880453054,10370098.3,477.9073845650997,5,KBGR -> PANC,1,21.99773097863728,False,multi_1/2,227404.0
8,caadedad-cdc5-4562-8ee2-ab859c4edee5,ANT-10,Antonov AN-225-210,pay,4,289b4a84-ab3d-4d1c-bc29-ba35bf23fc5d,fbo:75f4d131-6831-47a1-8cbc-5656e3a4b1dc,KBGR,PANC,3261.8911287111623,6.825362474110992,130948169.0,145.0,19185525.969748013,21.993301124342178,9.702729490495718,11.656432840833332,0.0,22712402.886295263,130948169.0,477.9073845650997,5,KBGR -> PANC,1,21.99773097863728,True,multi_2/2,637690.0
9,5cb23793-f0c2-4e99-9300-a65810145c60,CON-1,Concorde,xp,1,71a9ed98-f6ed-4f45-88eb-7b2b2d90cc30,fbo:934886a9-1d08-42f9-bff7-0f8700f577e9,KBGR,KBGR,8652.049383606964,10.557100867556763,9112551.9,205.0,863168.0244719423,21.81587923813665,0.5406634084266544,60.02031272472222,0.0,1813978.4395147352,9112551.9,819.5478561918214,4,KBGR -> KBGR,3,10.557100867556763,False,multi_1/2,73974.0
9,5cb23793-f0c2-4e99-9300-a65810145c60,CON-1,Concorde,xp,1,ddf86021-c537-49bc-ba72-149039cb26f9,fbo:934886a9-1d08-42f9-bff7-0f8700f577e9,KBGR,KBGR,8652.049383606964,10.557100867556763,7940412.8,226.0,752139.5219782204,19.009722923581318,0.4711183756070168,53.004741090555555,0.0,1434949.4439582953,7940412.8,819.5478561918214,4,KBGR -> KBGR,3,10.557100867556763,False,multi_2/2,65797.0
9,5cb23793-f0c2-4e99-9300-a65810145c60,CON-1,Concorde,xp,2,a345fa20-b68a-409e-95e9-40f0b50d3293,fbo:934886a9-1d08-42f9-bff7-0f8700f577e9,KBGR,KBGR,9088.66878968928,11.110680322059677,7880419.6,308.0,709265.2629338851,23.62102802074943,0.47273777157068964,54.55102452916666,0.0,1185892.520937957,7880419.6,818.0119062236181,4,KBGR -> KBGR,3,21.66778118961644,False,multi_1/2,34661.0
9,5cb23793-f0c2-4e99-9300-a65810145c60,CON-1,Concorde,xp,2,9a92732b-bb7d-4837-b64b-c9e5399f9a06,fbo:934886a9-1d08-42f9-bff7-0f8700f577e9,KBGR,KBGR,9088.66878968928,11.110680322059677,5751774.1,146.0,517679.73996877146,17.240556224331105,0.34504265110604126,36.120123614722225,0.0,1288034.8774866494,5751774.1,818.0119062236181,4,KBGR -> KBGR,3,21.66778118961644,False,multi_2/2,66265.0
10,6741b887-f2a9-4133-a4b2-59a7da21f415,CON-2,Concorde,xp,1,transit_6741b887-f2a9-4133-a4b2-59a7da21f415_KBGR,transit,KMEM,KBGR,1131.5358136351406,1.7332919405300236,0.0,0.0,0.0,0.0,0.0,999.0,0.0,0.0,0.0,652.8247130077395,,KMEM -> KBGR,0,1.7332919405300236,False,single,0.0
10,6741b887-f2a9-4133-a4b2-59a7da21f415,CON-2,Concorde,xp,2,9e5bb75a-8dfc-493d-a333-8ab76e86efc2,fbo:934886a9-1d08-42f9-bff7-0f8700f577e9,KBGR,KBGR,2409.323062365738,3.9344204272809677,3492180.2,120.0,863691.1997004353,29.67857843190687,0.580238492009752,0.007165315277777778,411826.04870885104,782924.5013909065,3080354.151291149,612.3705147674808,5,KBGR -> KTPA -> KPSM -> KBGR,3,5.667712367810991,True,single,48918.0
10,6741b887-f2a9-4133-a4b2-59a7da21f415,CON-2,Concorde,xp,3,01904920-9acc-4d8b-b392-cb26e92aee4d,fbo:934886a9-1d08-42f9-bff7-0f8700f577e9,KBGR,KBGR,16020.675494131769,18.66244904530823,15631697.8,456.0,837601.6332073971,25.30380561975152,0.5453198447024562,61.87567377055555,0.0,1440912.7530282615,15631697.8,858.4444332701015,5,KBGR -> KBGR,5,24.33016141311922,False,multi_1/2,96545.0
10,6741b887-f2a9-4133-a4b2-59a7da21f415,CON-2,Concorde,xp,3,658d1c2e-f877-41fb-bad6-8160f0e82800,fbo:934886a9-1d08-42f9-bff7-0f8700f577e9,KBGR,KBGR,16020.675494131769,18.66244904530823,10816644.2,343.0,579594.0379389448,17.509439204666094,0.37734421499280285,39.38927398166667,0.0,1384268.2712252063,10816644.2,858.4444332701015,4,KBGR -> KBGR,3,24.33016141311922,False,multi_2/2,58575.0
11,78173f21-98bf-455e-9616-d50022cf5136,BONE-2,Rockwell B-1 Lancer,xp,1,dfbc13bd-2ee2-49ee-b1d6-59108d923163,fbo:934886a9-1d08-42f9-bff7-0f8700f577e9,KBGR,KBGR,14140.140678308811,23.795081748571032,11559720.5,350.0,485802.9328138028,16.25341024478622,0.3241685176308325,53.889127299444446,0.0,1042683.289839737,11559720.5,594.2463584584226,4,KBGR -> KBGR,3,23.795081748571032,False,multi_1/2,73856.0
11,78173f21-98bf-455e-9616-d50022cf5136,BONE-2,Rockwell B-1 Lancer,xp,1,b84ceb24-5f0c-41fa-88b1-0265a2b93df1,fbo:934886a9-1d08-42f9-bff7-0f8700f577e9,KBGR,KBGR,14140.140678308811,23.795081748571032,9542120.0,356.0,401012.280639592,13.416586583125389,0.2675890732354229,110.93897585333333,0.0,750841.3589527153,9542120.0,594.2463584584226,4,KBGR -> KBGR,3,23.795081748571032,False,multi_2/2,55487.0
12,39a56011-a072-42b5-8f44-efd225ef23ac,BONE-3,Rockwell B-1 Lancer,xp,1,transit_39a56011-a072-42b5-8f44-efd225ef23ac_KEWR,transit,KMLT,KEWR,382.12056594749356,1.684254394529122,0.0,0.0,0.0,0.0,0.0,999.0,0.0,0.0,0.0,226.87817659180016,,KMLT -> KEWR,0,1.684254394529122,False,single,0.0
12,39a56011-a072-42b5-8f44-efd225ef23ac,BONE-3,Rockwell B-1 Lancer,xp,2,375d832a-36cf-4aa5-94f9-4b219794af50,fbo:75f4d131-6831-47a1-8cbc-5656e3a4b1dc,KEWR,KMSP,874.0417060306783,2.593140128145697,2811380.5,43.0,1019830.074940516,15.598277509018146,0.5879064250153487,72.7166815438889,0.0,1084160.655062772,2811380.5,337.05918802609716,5,KEWR -> KMSP,1,4.277394522674819,False,single,34260.0
12,39a56011-a072-42b5-8f44-efd225ef23ac,BONE-3,Rockwell B-1 Lancer,xp,3,1debf436-c93e-41fb-ab06-c319dbe13934,fbo:6f4c9051-c208-49c7-981c-4e39290a09b4,KMLT,KMLT,11752.931439460861,20.122792102024558,43112658.0,540.0,2142478.9254599726,25.342920463598944,1.197954065047981,117.68051524083334,0.0,2581235.64484479,43112658.0,584.0606701034493,2,KMLT -> KMLT,3,24.400186624699376,False,multi_1/2,138335.0
12,39a56011-a072-42b5-8f44-efd225ef23ac,BONE-3,Rockwell B-1 Lancer,xp,3,a15df31f-32e2-48d0-8cc6-8fea246a51dc,fbo:6f4c9051-c208-49c7-981c-4e39290a09b4,KMLT,KMLT,11752.931439460861,20.122792102024558,6512054.0,47.0,323615.8266200455,3.827981716568284,0.18094782189286418,115.84524458944445,0.0,1903853.9354537777,6512054.0,584.0606701034493,2,KMLT -> KMLT,3,24.400186624699376,False,multi_2/2,130389.0
13,c770c9fc-515b-47f4-aa61-1911735e8e0a,BONE-4,Rockwell B-1 Lancer,xp,1,07a416c1-72bd-477b-b5fc-ec49cdbd1a52,fbo:6f4c9051-c208-49c7-981c-4e39290a09b4,KMLT,KMLT,11813.628771610307,20.422200442669084,26101610.0,296.0,1278099.7852447208,15.568263653757302,0.7168912108911468,2.8304049425,0.0,2563928.5869346904,26101610.0,578.4699256465785,2,KMLT -> KMLT,3,20.422200442669084,True,multi_1/2,139255.0
13,c770c9fc-515b-47f4-aa61-1911735e8e0a,BONE-4,Rockwell B-1 Lancer,xp,1,9e0dffae-cdda-49c2-8e2c-da2c1909f923,fbo:6f4c9051-c208-49c7-981c-4e39290a09b4,KMLT,KMLT,11813.628771610307,20.422200442669084,22253222.0,293.0,1089658.3873256515,13.272898769140768,0.6111936875085295,116.43416459416666,0.0,2172766.923236967,22253222.0,578.4699256465785,2,KMLT -> KMLT,3,20.422200442669084,False,multi_2/2,144323.0
14,88dca12f-f25b-492a-834d-02fb3661c4b8,BONE-5,Rockwell B-1 Lancer,xp,1,2b870181-a01f-47fc-bbfb-6cb49fbbcd69,fbo:6f4c9051-c208-49c7-981c-4e39290a09b4,KMLT,KMLT,9814.308006073701,20.870236804523444,24410510.0,279.0,1169632.631801726,13.200863178340176,0.650820631792564,24.994696403055556,0.0,2188420.5326696956,24410510.0,470.25379242206463,2,KMLT -> KMLT,3,20.870236804523444,False,multi_1/2,140221.0
14,88dca12f-f25b-492a-834d-02fb3661c4b8,BONE-5,Rockwell B-1 Lancer,xp,1,9c81ff63-d1b4-49f8-9cbb-8be1317b31c6,fbo:6f4c9051-c208-49c7-981c-4e39290a09b4,KMLT,KMLT,9814.308006073701,20.870236804523444,19004832.0,211.0,910618.8960865488,10.27754794796754,0.5066971877831121,121.61259497444445,0.0,1956066.7023381498,19004832.0,470.25379242206463,2,KMLT -> KMLT,3,20.870236804523444,False,multi_2/2,140369.0
15,7c3a7674-8961-4864-96f6-2da50771c340,CARGO-1,Cargo 400M,balance,1,transit_7c3a7674-8961-4864-96f6-2da50771c340_KEWR,transit,KDEN,KEWR,1391.1570361160589,4.701523380061958,0.0,0.0,0.0,0.0,0.0,999.0,0.0,0.0,0.0,295.8949522649669,,KDEN -> KEWR,0,4.701523380061958,False,single,0.0
15,7c3a7674-8961-4864-96f6-2da50771c340,CARGO-1,Cargo 400M,balance,2,dbac4801-6be3-4425-9f60-3817be75809e,fbo:93dd4df8-9061-4348-8cd7-8dcc95c2602f,ESGG,EINN,781.7754861897582,2.9304006334022907,3088978.5,39.0,975090.0435688578,12.311031526825278,0.5491001794185553,45.544712105833334,0.0,1054114.7393943863,3088978.5,266.78109377900705,5,ESGG -> EINN,1,7.631924013464248,False,single,46310.0
15,7c3a7674-8961-4864-96f6-2da50771c340,CARGO-1,Cargo 400M,balance,3,d114ef4f-e354-4ce2-8640-bff274df4826,fbo:75f4d131-6831-47a1-8cbc-5656e3a4b1dc,KEWR,KEWR,1426.5105062110592,5.015352927248266,4779722.5,35.0,953018.1762547372,5.4298382468795285,0.5036582793617662,94.27918928527778,0.0,1860317.010381742,4779722.5,284.42873849632184,4,KEWR -> KEWR,1,12.647276940712514,False,multi_1/2,80203.0
15,7c3a7674-8961-4864-96f6-2da50771c340,CARGO-1,Cargo 400M,balance,3,efd1d556-e349-4a6b-98b2-c679d75b84f9,fbo:10f9a696-2a4a-4230-af78-d57ca89be883,KEWR,KEWR,1426.5105062110592,5.015352927248266,7506329.0,35.0,1496670.1464254558,8.527305151682125,0.7909715989711384,20.782449155833334,0.0,3068758.4151971494,7506329.0,284.42873849632184,4,KEWR -> KEWR,1,12.647276940712514,False,multi_2/2,108658.0
15,7c3a7674-8961-4864-96f6-2da50771c340,CARGO-1,Cargo 400M,balance,4,3053f2e1-6e29-4bf9-91e5-4c6da4bcefab,fbo:75f4d131-6831-47a1-8cbc-5656e3a4b1dc,KEWR,ESGG,3464.313241230124,9.645727713421568,13716809.5,134.0,1422060.616630689,12.738358279448384,0.7747220997125864,84.8965335325,0.0,1988908.1609114383,13716809.5,359.15519742587156,5,KEWR -> ESGG,1,22.29300465413408,False,multi_1/2,77562.0
15,7c3a7674-8961-4864-96f6-2da50771c340,CARGO-1,Cargo 400M,balance,4,6f8ba00f-fd25-4527-9378-ed35a7c504ce,fbo:f250cfaa-5fa7-486e-9bdf-f48b2b826bb4,KEWR,ESGG,3464.313241230124,9.645727713421568,5596235.5,39.0,580177.635764392,5.197043293133725,0.31607403434786463,41.98567915722222,0.0,2035679.6923487906,5596235.5,359.15519742587156,5,KEWR -> ESGG,1,22.29300465413408,False,multi_2/2,82099.0
16,ef2eae48-093e-4d1f-8678-b3cfed4dce93,PANO-1,Cessna Longitude,balance,1,transit_ef2eae48-093e-4d1f-8678-b3cfed4dce93_DAON,transit,ESGG,DAON,1467.6046785263788,4.44141432405424,0.0,0.0,0.0,0.0,0.0,999.0,0.0,0.0,0.0,330.4363365916987,,ESGG -> DAON,0,4.44141432405424,False,single,0.0
16,ef2eae48-093e-4d1f-8678-b3cfed4dce93,PANO-1,Cessna Longitude,balance,2,a83776bf-652d-49e6-ab08-a635be4e8d02,fbo:934886a9-1d08-42f9-bff7-0f8700f577e9,DAON,DAON,6136.8645585590475,13.778680360523932,1382093.3,306.0,100306.65229449057,22.208222557850554,0.16119443893649804,18.540990314722222,0.0,100306.65229449057,1382093.3,445.3884115158975,4,DAON -> KBGR -> DAON,2,18.22009468457817,False,single,5881.386168983479
17,ccd903ec-8b54-4e76-a815-4a3f58d803b1,PANO-2,Vertigo - Turbo Prop Racer,balance,1,cf50e497-91ef-4ed8-9725-4b82af7d5203,fbo:b2868468-2061-4c06-92db-2209025e23f7,KLRG,KLRG,4160.011314246969,19.620552753297304,9457.0,99.0,481.99457573440264,5.97138445563763,0.030097919566055356,65.20743038472223,0.0,998.3093964382475,9457.0,212.0231456551531,1,KLRG -> KLRG,3,19.620552753297304,False,multi_1/2,145.0
17,ccd903ec-8b54-4e76-a815-4a3f58d803b1,PANO-2,Vertigo - Turbo Prop Racer,balance,1,3d3bc94c-429b-425a-a007-b2ead60ecebf,fbo:b2868468-2061-4c06-92db-2209025e23f7,KLRG,KLRG,4160.011314246969,19.620552753297304,7251.5,108.0,369.5869372885715,4.578777030776808,0.023078678622528326,83.12427522361111,0.0,714.6068590342649,7251.5,212.0231456551531,1,KLRG -> KLRG,3,19.620552753297304,False,multi_2/2,118.0
